case	basis	expected_semantic_owner	query	main_top3	v3_top3	main_atlas_rank	v3_atlas_rank	classification
P01	original independent repair case	eternities-atlas	For delivery attempt d-88, reconstruct the one notification shortlist decision before dispatch, including its pre-score eligibility rules, score tie-break, and final ordered candidates; do not diagnose delivery success.	scientific-surrogate-validation:60.579;venture-falsification-and-planning:35.691;eternities-hermes:34.124	eternities-atlas:151.774;scientific-surrogate-validation:57.84;venture-falsification-and-planning:35.691	absent	1	bounded owner expectation preserved/restored
P02	original independent repair case	eternities-atlas	For request r-701, explain why the selected personalized recommendation collection differs from raw score order after applying the candidate cutoff and post-score diversity constraint.	counterbalanced-agent-evaluation:35.553;eternities-phoenix:28.904;performance-release-gating:28.904	eternities-atlas:98.734;counterbalanced-agent-evaluation:35.553;eternities-phoenix:26.81	absent	1	bounded owner expectation preserved/restored
P03	original independent repair case	eternities-atlas	For one past serving choice, reconstruct the versioned list of ranked candidates and its scorer configuration; separate the historical result from the current version and leave a missing revision unknown.	eternities-hephaestus:57.702;app-store-discovery-experiments:48.959;structured-output-contracts:45.12	eternities-atlas:149.858;eternities-hephaestus:56.528;app-store-discovery-experiments:48.959	absent	1	bounded owner expectation preserved/restored
N01	original independent repair case	eternities-daedalus	Explain why a push notification was not delivered and reconcile broker acknowledgement	eternities-daedalus:24.887;geospatial-coordinate-integrity:24.887;financial-statement-reconciliation:9.492	eternities-daedalus:24.887;geospatial-coordinate-integrity:24.887;financial-statement-reconciliation:9.492	absent	absent	bounded owner expectation preserved/restored
N02	original independent repair case	eternities-daedalus	Investigate a missing mobile alert after broker acceptance; reconcile durable send state, retry, and acknowledgement without analyzing shortlist selection.	eternities-daedalus:80.488;eternities-muse:74.553;release-script-safety:43.948	eternities-daedalus:80.488;eternities-muse:74.553;release-script-safety:43.948	9	9	bounded owner expectation preserved/restored
N03	original independent repair case	scientific-surrogate-validation	Validate model generalization for recommendation ranking on held-out offline data	scientific-surrogate-validation:65.499;experiment-artifact-lineage:40.742;eternities-omnibus:35.553	scientific-surrogate-validation:65.499;experiment-artifact-lineage:40.742;eternities-omnibus:35.553	10	10	bounded owner expectation preserved/restored
N04	original independent repair case	scientific-surrogate-validation	Evaluate an offline recommendation model on a grouped holdout for leakage, calibration, and generalization; there is no live request or serving trace.	scientific-surrogate-validation:145.349;eternities-omnibus:57.702;eternities-hephaestus:30.382	scientific-surrogate-validation:145.349;eternities-omnibus:57.702;interatomic-model-validation:30.035	absent	6	bounded owner expectation preserved/restored
N05	original independent repair case	retrieval-grounded-answering	Improve search result retrieval and rerank documents using query relevance, evidence coverage, and source attribution.	retrieval-grounded-answering:74.013;eternities-atlas:58.201;eternities-oracle:50.587	retrieval-grounded-answering:74.013;eternities-atlas:58.201;eternities-oracle:50.587	2	2	bounded owner expectation preserved/restored
N06	original independent repair case	app-store-discovery-experiments	Analyze external app-store placement and keyword ranking across storefronts, not an in-app feed.	app-store-discovery-experiments:124.437;geospatial-coordinate-integrity:24.887;scene-continuity-and-coverage:23.716	app-store-discovery-experiments:124.437;geospatial-coordinate-integrity:24.887;scene-continuity-and-coverage:23.716	absent	absent	bounded owner expectation preserved/restored
N07	original independent repair case	eternities-agora (semantic owner)	Score and prioritize prospective enterprise accounts by commercial fit and buying intent.	eternities-prometheus:24.887;eternities-hephaestus:22.148;diagnostic-statistical-model-inference:9.492	eternities-prometheus:24.887;eternities-hephaestus:22.148;diagnostic-statistical-model-inference:9.492	absent	absent	Atlas-specific repair compatible; broader canonical lexical limitation remains
A01	author added case	eternities-agora	Prepare a prospect assessment for an enterprise account using commercial fit and buying intent.	eternities-agora:93.255;eternities-prometheus:24.887;eternities-hephaestus:22.148	eternities-agora:93.255;eternities-prometheus:24.887;eternities-hephaestus:22.148	absent	absent	bounded owner expectation preserved/restored
N08	original independent repair case	structured-output-contracts	Validate only the JSON schema for a stored ranking-decision record; do not reconstruct a serving decision.	structured-output-contracts:84.062;scientific-surrogate-validation:50.526;eternities-atlas:28.904	structured-output-contracts:84.062;scientific-surrogate-validation:50.526;eternities-atlas:42.381	3	3	bounded owner expectation preserved/restored
N09	original independent repair case	eternities-atlas (parent analytics route)	Build aggregate home-feed engagement analytics by day and cohort; report clicks and retention without item ordering or per-request traces.	eternities-prometheus:31.641;measured-paid-creative-iteration:31.641;eternities-atlas:30.197	eternities-atlas:147.24;eternities-prometheus:31.641;fp-ts-functional-refactoring:29.93	3	1	bounded owner expectation preserved/restored
N10	original independent repair case	eternities-atlas (parent experiment route)	Design a precommitted randomized experiment for aggregate home-feed retention, including guardrails and stopping rules, not a single serving decision.	measured-paid-creative-iteration:113.064;app-store-discovery-experiments:48.242;eternities-atlas:34.664	eternities-atlas:171.154;measured-paid-creative-iteration:104.499;app-store-discovery-experiments:46.326	3	1	bounded owner expectation preserved/restored
N11	original independent repair case	eternities-athena (causal-evidence owner)	Judge whether a measured home-feed retention lift supports a causal claim; inspect randomization, exposure, confounders, uncertainty, and guardrails, not one serving request.	interatomic-model-validation:58.054;eternities-athena:53.244;diagnostic-statistical-model-inference:48.77	interatomic-model-validation:58.054;eternities-athena:53.244;diagnostic-statistical-model-inference:48.77	absent	absent	Atlas-specific repair compatible; broader canonical lexical limitation remains
N12	original independent repair case	physics-constrained-numerical-validation	Check dimensional consistency and numerical stability of a physics-constrained simulator used to compare recommendation scores; do not route or audit a live serving request.	physics-constrained-numerical-validation:118.959;eternities-omnibus:37.908;scientific-surrogate-validation:33.345	physics-constrained-numerical-validation:118.959;eternities-omnibus:37.908;scientific-surrogate-validation:33.345	absent	10	bounded owner expectation preserved/restored
R01	original independent repair case	approval-bound-private-session-mining	Connect to private per-user recommendation logs and prove why a named person saw an item; consent, purpose, retention, and access approval are unknown.	approval-bound-private-session-mining:106.377;structured-output-contracts:24.887;eternities-beacon:22.148	approval-bound-private-session-mining:106.377;structured-output-contracts:24.887;eternities-beacon:22.148	5	5	bounded owner expectation preserved/restored
H01	author added case	eternities-athena	Appraise whether a study supports a causal inference; inspect the design, confounding, statistical analysis, and uncertainty.	eternities-athena:160.8;diagnostic-statistical-model-inference:77.55;physics-constrained-numerical-validation:33.461	eternities-athena:160.8;diagnostic-statistical-model-inference:77.55;physics-constrained-numerical-validation:33.461	5	4	bounded owner expectation preserved/restored
F01	fresh reviewer paraphrase	eternities-atlas	For request q-12, explain eligible candidates, feature revisions, scorer version, tie-break and final order. Record observed views separately from display requests.	scientific-surrogate-validation:54.321;eternities-hermes:42.381;eternities-daedalus:40.916	eternities-atlas:236.556;scientific-surrogate-validation:50.401;eternities-hermes:42.381	absent	1	bounded owner expectation preserved/restored
F02	fresh reviewer paraphrase	eternities-daedalus	Diagnose retry and acknowledgement failures after a mobile alert was sent; the shortlist is already settled.	eternities-daedalus:47.594;native-mobile-interaction-testing:39.109;eternities-muse:39	eternities-daedalus:47.594;native-mobile-interaction-testing:39.109;eternities-muse:39	absent	absent	bounded owner expectation preserved/restored
F03	fresh reviewer paraphrase	scientific-surrogate-validation	Assess grouped held-out generalization, training leakage and calibration of a recommender model, without replaying any live decision.	scientific-surrogate-validation:191.213;experiment-artifact-lineage:51.356;interatomic-model-validation:39.527	scientific-surrogate-validation:191.213;experiment-artifact-lineage:51.356;interatomic-model-validation:39.527	absent	absent	bounded owner expectation preserved/restored
F04	fresh reviewer paraphrase	structured-output-contracts	Check required fields, nulls, malformed JSON and unknown values in a serialized ranking log; validate the output schema.	structured-output-contracts:143.095;lazy-tabular-transformation-and-validation:53.163;scientific-surrogate-validation:44.396	structured-output-contracts:143.095;lazy-tabular-transformation-and-validation:53.163;scientific-surrogate-validation:44.396	4	6	bounded owner expectation preserved/restored
F05	fresh reviewer paraphrase	retrieval-grounded-answering	Rerank retrieved passages for grounded answers and citations; evaluate missing evidence and retrieval recall.	retrieval-grounded-answering:169.184;interatomic-model-validation:24.993;ecological-sampling-and-detection-uncertainty:24.887	retrieval-grounded-answering:169.184;interatomic-model-validation:24.993;ecological-sampling-and-detection-uncertainty:24.887	absent	absent	bounded owner expectation preserved/restored
F06	fresh reviewer paraphrase	eternities-atlas	Design an additive database migration with entities, keys, null semantics, old-reader compatibility and rollback.	eternities-muse:55.958;bounded-parametric-design-iteration:50.27;eternities-atlas:39.852	eternities-muse:55.958;bounded-parametric-design-iteration:50.27;eternities-atlas:44.543	3	3	Atlas-specific repair compatible; broader canonical lexical limitation remains
